{
  "Ansi 4 Color" : {
    "Red Component" : 0.48235294222831726,
    "Color Space" : "sRGB",
    "Blue Component" : 0.9529411792755127,
    "Alpha Component" : 1,
    "Green Component" : 0.63529413938522339
  },
  "Tags" : [

  ],
  "Ansi 12 Color" : {
    "Red Component" : 0.48235294222831726,
    "Color Space" : "sRGB",
    "Blue Component" : 0.9529411792755127,
    "Alpha Component" : 1,
    "Green Component" : 0.63529413938522339
  },
  "Right Option Key Changeable" : false,
  "Ansi 0 Color" : {
    "Red Component" : 0.25490197539329529,
    "Color Space" : "sRGB",
    "Blue Component" : 0.40784314274787903,
    "Alpha Component" : 1,
    "Green Component" : 0.28235295414924622
  },
  "Bold Color" : {
    "Red Component" : 1,
    "Color Space" : "sRGB",
    "Blue Component" : 0.39215686917304993,
    "Alpha Component" : 1,
    "Green Component" : 0.61960786581039429
  },
  "Guid" : "5639C7D5-9E75-4A3F-A91D-0F3A3844EE04",
  "Allow modifyOtherKeys" : false,
  "Ansi 7 Color" : {
    "Red Component" : 0.75294119119644165,
    "Color Space" : "sRGB",
    "Blue Component" : 0.96078431606292725,
    "Alpha Component" : 1,
    "Green Component" : 0.7921568751335144
  },
  "Rows" : 25,
  "Default Bookmark" : "No",
  "Ansi 8 Color" : {
    "Red Component" : 0.25490197539329529,
    "Color Space" : "sRGB",
    "Blue Component" : 0.40784314274787903,
    "Alpha Component" : 1,
    "Green Component" : 0.28235295414924622
  },
  "Ansi 9 Color" : {
    "Red Component" : 0.9686274528503418,
    "Color Space" : "sRGB",
    "Blue Component" : 0.55686277151107788,
    "Alpha Component" : 1,
    "Green Component" : 0.46274510025978088
  },
  "Ansi 2 Color" : {
    "Red Component" : 0.25490197539329529,
    "Color Space" : "sRGB",
    "Blue Component" : 0.60784316062927246,
    "Alpha Component" : 1,
    "Green Component" : 0.70980393886566162
  },
  "Ansi 3 Color" : {
    "Red Component" : 0.87843137979507446,
    "Color Space" : "sRGB",
    "Blue Component" : 0.40784314274787903,
    "Alpha Component" : 1,
    "Green Component" : 0.68627452850341797
  },
  "Cursor Guide Color" : {
    "Red Component" : 0.58885198831558228,
    "Color Space" : "sRGB",
    "Blue Component" : 0.99999994039535522,
    "Alpha Component" : 0.0782470703125,
    "Green Component" : 0.70213180780410767
  },
  "Non-ASCII Anti Aliased" : true,
  "Use Bright Bold" : true,
  "Ansi 10 Color" : {
    "Red Component" : 0.25490197539329529,
    "Color Space" : "sRGB",
    "Blue Component" : 0.61072450876235962,
    "Alpha Component" : 1,
    "Green Component" : 0.70980393886566162
  },
  "Ambiguous Double Width" : false,
  "Jobs to Ignore" : [
    "rlogin",
    "ssh",
    "slogin",
    "telnet"
  ],
  "Ansi 15 Color" : {
    "Red Component" : 0.75294119119644165,
    "Color Space" : "sRGB",
    "Blue Component" : 0.96078431606292725,
    "Alpha Component" : 1,
    "Green Component" : 0.7921568751335144
  },
  "Foreground Color" : {
    "Red Component" : 0.73333334922790527,
    "Color Space" : "sRGB",
    "Blue Component" : 0.87843137979507446,
    "Alpha Component" : 1,
    "Green Component" : 0.7607843279838562
  },
  "Bound Hosts" : [

  ],
  "Working Directory" : "\/Users\/pawel.mendelski",
  "Blinking Cursor" : false,
  "Disable Window Resizing" : true,
  "Sync Title" : false,
  "Prompt Before Closing 2" : false,
  "BM Growl" : true,
  "Mouse Reporting" : true,
  "Command" : "",
  "Description" : "Default",
  "Screen" : -1,
  "Selection Color" : {
    "Red Component" : 0.19607843458652496,
    "Color Space" : "sRGB",
    "Blue Component" : 0.3333333432674408,
    "Alpha Component" : 1,
    "Green Component" : 0.22352941334247589
  },
  "Initial Use Transparency" : true,
  "Only The Default BG Color Uses Transparency" : false,
  "Columns" : 80,
  "Idle Code" : 0,
  "Ansi 13 Color" : {
    "Red Component" : 0.73333334922790527,
    "Color Space" : "sRGB",
    "Blue Component" : 0.9686274528503418,
    "Alpha Component" : 1,
    "Green Component" : 0.60392159223556519
  },
  "Custom Command" : "No",
  "ASCII Anti Aliased" : true,
  "Non Ascii Font" : "Monaco 12",
  "Vertical Spacing" : 1,
  "Use Bold Font" : true,
  "Left Option Key Changeable" : false,
  "Selected Text Color" : {
    "Red Component" : 0.78367346525192261,
    "Color Space" : "sRGB",
    "Blue Component" : 1,
    "Alpha Component" : 1,
    "Green Component" : 0.8244897723197937
  },
  "Option Key Sends" : 0,
  "Background Color" : {
    "Red Component" : 0.1059383824467659,
    "Color Space" : "sRGB",
    "Blue Component" : 0.1906890869140625,
    "Alpha Component" : 1,
    "Green Component" : 0.12359477579593658
  },
  "Ansi 11 Color" : {
    "Red Component" : 0.87843137979507446,
    "Color Space" : "sRGB",
    "Blue Component" : 0.40784314274787903,
    "Alpha Component" : 1,
    "Green Component" : 0.68627452850341797
  },
  "Character Encoding" : 4,
  "Use Italic Font" : true,
  "Unlimited Scrollback" : true,
  "Keyboard Map" : {
    "0xf702-0x280000-0x0" : {
      "Version" : 0,
      "Action" : 10,
      "Text" : "[1;3C",
      "Label" : ""
    },
    "0xf702-0x220000" : {
      "Action" : 10,
      "Text" : "[1;2D"
    },
    "0x6a-0x80000-0x26" : {
      "Version" : 1,
      "Action" : 38,
      "Text" : "\\<M-j>",
      "Label" : ""
    },
    "0x3-0x200000" : {
      "Action" : 11,
      "Text" : "0xd"
    },
    "0xf703-0x280000-0x0" : {
      "Version" : 0,
      "Action" : 10,
      "Text" : "[1;3D",
      "Label" : ""
    },
    "0x66-0x100000-0x3" : {
      "Version" : 1,
      "Action" : 38,
      "Text" : "\\<C-f>",
      "Label" : ""
    },
    "0xf703-0x240000" : {
      "Action" : 10,
      "Text" : "[1;5C"
    },
    "0x38-0x40000" : {
      "Action" : 11,
      "Text" : "0x7f"
    },
    "0x3c-0xa0000-0x2b" : {
      "Version" : 1,
      "Action" : 11,
      "Text" : "0x1b 0x3c",
      "Label" : ""
    },
    "0x36-0x200000" : {
      "Action" : 12,
      "Text" : "6"
    },
    "0x7f-0x100000" : {
      "Action" : 11,
      "Text" : "0x15"
    },
    "0x33-0x200000" : {
      "Action" : 12,
      "Text" : "3"
    },
    "0xf703-0x300000-0x7c" : {
      "Version" : 1,
      "Action" : 10,
      "Text" : "[1;5C",
      "Label" : ""
    },
    "0x77-0x100000-0xd" : {
      "Version" : 1,
      "Action" : 38,
      "Text" : "\\<C-w>",
      "Label" : ""
    },
    "0xf72b-0x20000" : {
      "Action" : 10,
      "Text" : "[1;2F"
    },
    "0x5d-0x80000-0x1e" : {
      "Version" : 1,
      "Action" : 11,
      "Text" : "0x1d",
      "Label" : ""
    },
    "0x7a-0x100000-0x6" : {
      "Version" : 1,
      "Action" : 38,
      "Text" : "\\<C-z>",
      "Label" : ""
    },
    "0xf705-0x20000" : {
      "Action" : 10,
      "Text" : "[1;2Q"
    },
    "0x33-0x40000" : {
      "Action" : 11,
      "Text" : "0x1b"
    },
    "0x6c-0x40000-0x25" : {
      "Version" : 1,
      "Action" : 38,
      "Text" : "\\<M-l>",
      "Label" : ""
    },
    "0xf70a-0x20000" : {
      "Action" : 10,
      "Text" : "[18;2~"
    },
    "0xf702-0x300000-0x7b" : {
      "Version" : 1,
      "Action" : 10,
      "Text" : "[1;5D",
      "Label" : ""
    },
    "0x68-0x100000-0x4" : {
      "Version" : 1,
      "Action" : 38,
      "Text" : "\\<C-h>",
      "Label" : ""
    },
    "0x2e-0x80000-0x2f" : {
      "Version" : 1,
      "Action" : 11,
      "Text" : "0x1b 0x2e",
      "Label" : ""
    },
    "0xf702-0x240000" : {
      "Action" : 10,
      "Text" : "[1;5D"
    },
    "0xf728-0x0-0x75" : {
      "Version" : 1,
      "Action" : 11,
      "Text" : "0x1b 0x5b 0x33 0x7e",
      "Label" : ""
    },
    "0xf700-0x280000-0x7e" : {
      "Version" : 1,
      "Action" : 10,
      "Text" : "[1;3A",
      "Label" : ""
    },
    "0xf703-0x260000" : {
      "Action" : 10,
      "Text" : "[1;6C"
    },
    "0xf729-0x20000" : {
      "Action" : 10,
      "Text" : "[1;2H"
    },
    "0x70-0x100000-0x23" : {
      "Version" : 1,
      "Action" : 38,
      "Text" : "\\<C-p>",
      "Label" : ""
    },